kernel,matrix_size,time_ms,output_check,speedup_vs_naive
naive,256,0.0532032,256,1.0
tiled,256,0.0790304,256,0.673199
naive,512,0.366051,512,1.0
tiled,512,0.288362,512,1.26942
naive,1024,2.83646,1024,1.0
tiled,1024,2.1803,1024,1.30095
naive,2048,18.8211,2048,1.0
tiled,2048,12.8949,2048,1.45958
